TopicName,Term,Meaning,Pronunciation,PartOfSpeech,Example,ExampleTranslation,IsMastered
TOEIC Workplace & Finance,accommodate,"cung cấp chỗ ở, đáp ứng",/əˈkɒmədeɪt/,verb,The hotel can accommodate up to 500 guests.,Khách sạn có thể cung cấp chỗ ở cho tối đa 500 khách.,false
TOEIC Workplace & Finance,accomplishment,"thành tựu, sự hoàn thành",/əˈkʌmplɪʃmənt/,noun,Getting the project done on time was a major accomplishment.,Hoàn thành dự án đúng hạn là một thành tựu lớn.,false
TOEIC Workplace & Finance,accounting,công việc kế toán,/əˈkaʊntɪŋ/,noun,She works in the accounting department.,Cô ấy làm việc ở bộ phận kế toán.,false
TOEIC Workplace & Finance,accumulate,tích lũy,/əˈkjuːmjəleɪt/,verb,"Over the years, he has accumulated a lot of wealth.","Qua nhiều năm, anh ấy đã tích lũy được rất nhiều của cải.",false
TOEIC Workplace & Finance,accurate,chính xác,/ˈækjərət/,adjective,The financial report must be completely accurate.,Báo cáo tài chính phải hoàn toàn chính xác.,false
TOEIC Workplace & Finance,achieve,đạt được,/əˈtʃiːv/,verb,Our goal is to achieve a 10% increase in sales.,Mục tiêu của chúng tôi là đạt được mức tăng trưởng doanh số 10%.,false
TOEIC Workplace & Finance,acquire,"mua lại, giành được",/əˈkwaɪər/,verb,The company plans to acquire a smaller competitor.,Công ty có kế hoạch mua lại một đối thủ cạnh tranh nhỏ hơn.,false
TOEIC Workplace & Finance,adapt,thích nghi,/əˈdæpt/,verb,We must adapt to the changing market conditions.,Chúng ta phải thích nghi với các điều kiện thị trường thay đổi.,false
TOEIC Workplace & Finance,additional,"thêm vào, bổ sung",/əˈdɪʃənl/,adjective,Please provide any additional information needed.,Vui lòng cung cấp thêm bất kỳ thông tin cần thiết nào.,false
TOEIC Workplace & Finance,address,"giải quyết, gửi tới",/əˈdres/,verb,The manager will address the issue at the meeting.,Người quản lý sẽ giải quyết vấn đề tại cuộc họp.,false
TOEIC Workplace & Finance,adjust,điều chỉnh,/əˈdʒʌst/,verb,You can adjust the height of the chair.,Bạn có thể điều chỉnh độ cao của chiếc ghế.,false
TOEIC Workplace & Finance,administration,"sự quản trị, ban quản trị",/ədˌmɪnɪˈstreɪʃn/,noun,He has a degree in business administration.,Anh ấy có bằng quản trị kinh doanh.,false
TOEIC Workplace & Finance,advance,"tiến bộ, ứng trước",/ədˈvɑːns/,noun,Thanks in advance for your help.,Cảm ơn trước vì sự giúp đỡ của bạn.,false
TOEIC Workplace & Finance,advantage,lợi thế,/ədˈvɑːntɪdʒ/,noun,Our new product has a clear competitive advantage.,Sản phẩm mới của chúng tôi có lợi thế cạnh tranh rõ ràng.,false
TOEIC Workplace & Finance,advertise,quảng cáo,/ˈædvətaɪz/,verb,They plan to advertise the new service on television.,Họ dự định quảng cáo dịch vụ mới trên truyền hình.,false
TOEIC Workplace & Finance,afford,có khả năng chi trả,/əˈfɔːd/,verb,We cannot afford to lose this client.,Chúng ta không thể để mất khách hàng này.,false
TOEIC Workplace & Finance,agency,"đại lý, cơ quan",/ˈeɪdʒənsi/,noun,We hired an advertising agency for the campaign.,Chúng tôi đã thuê một công ty quảng cáo cho chiến dịch.,false
TOEIC Workplace & Finance,agenda,chương trình nghị sự,/əˈdʒendə/,noun,What's the next item on the agenda?,Mục tiếp theo trong chương trình nghị sự là gì?,false
TOEIC Workplace & Finance,agreement,"hợp đồng, sự thỏa thuận",/əˈɡriːmənt/,noun,Please sign the agreement and return it to us.,Vui lòng ký vào thỏa thuận và gửi lại cho chúng tôi.,false
TOEIC Workplace & Finance,allocate,phân bổ,/ˈæləkeɪt/,verb,We need to allocate more resources to this project.,Chúng ta cần phân bổ thêm nguồn lực cho dự án này.,false
TOEIC Workplace & Finance,allowance,tiền trợ cấp,/əˈlaʊəns/,noun,The company provides a travel allowance.,Công ty cung cấp một khoản trợ cấp đi lại.,false
TOEIC Workplace & Finance,alternative,"sự thay thế, phương án thay thế",/ɔːlˈtɜːnətɪv/,adjective,We need to find an alternative supplier.,Chúng ta cần tìm một nhà cung cấp thay thế.,false
TOEIC Workplace & Finance,ambition,"tham vọng, hoài bão",/æmˈbɪʃn/,noun,She has the ambition to become the CEO.,Cô ấy có hoài bão trở thành CEO.,false
TOEIC Workplace & Finance,analyze,phân tích,/ˈænəlaɪz/,verb,We need to analyze the data carefully.,Chúng ta cần phân tích dữ liệu một cách cẩn thận.,false
TOEIC Workplace & Finance,annual,hàng năm,/ˈænjuəl/,adjective,The company published its annual report.,Công ty đã công bố báo cáo thường niên.,false
TOEIC Workplace & Finance,apologize,xin lỗi,/əˈpɒlədʒaɪz/,verb,I apologize for the delay in responding.,Tôi xin lỗi vì sự chậm trễ trong việc phản hồi.,false
TOEIC Workplace & Finance,applicant,người nộp đơn xin việc,/ˈæplɪkənt/,noun,Every applicant must submit a resume.,Mỗi ứng viên đều phải nộp một bản sơ yếu lý lịch.,false
TOEIC Workplace & Finance,appoint,"bổ nhiệm, chỉ định",/əˈpɔɪnt/,verb,They decided to appoint him as the new director.,Họ đã quyết định bổ nhiệm ông ấy làm giám đốc mới.,false
TOEIC Workplace & Finance,appreciate,"đánh giá cao, cảm kích",/əˈpriːʃieɪt/,verb,I appreciate your hard work.,Tôi đánh giá cao sự chăm chỉ của bạn.,false
TOEIC Workplace & Finance,approach,"tiếp cận, phương pháp",/əˈprəʊtʃ/,noun,We need a new approach to solve this problem.,Chúng ta cần một cách tiếp cận mới để giải quyết vấn đề này.,false
TOEIC Workplace & Finance,appropriate,thích hợp,/əˈprəʊpriət/,adjective,Please wear appropriate clothing for the interview.,Vui lòng mặc trang phục phù hợp cho buổi phỏng vấn.,false
TOEIC Workplace & Finance,approve,"tán thành, phê duyệt",/əˈpruːv/,verb,The board must approve the budget.,Hội đồng quản trị phải phê duyệt ngân sách.,false
TOEIC Workplace & Finance,assess,đánh giá,/əˈses/,verb,We will assess the damage to the vehicle.,Chúng tôi sẽ đánh giá thiệt hại đối với phương tiện.,false
TOEIC Workplace & Finance,asset,tài sản,/ˈæset/,noun,Our employees are our greatest asset.,Nhân viên là tài sản quý giá nhất của chúng tôi.,false
TOEIC Workplace & Finance,assign,phân công,/əˈsaɪn/,verb,The manager will assign the tasks tomorrow.,Người quản lý sẽ phân công nhiệm vụ vào ngày mai.,false
TOEIC Workplace & Finance,assist,"hỗ trợ, giúp đỡ",/əˈsɪst/,verb,Please assist the customer with their luggage.,Vui lòng hỗ trợ khách hàng với hành lý của họ.,false
TOEIC Workplace & Finance,associate,"kết giao, cộng tác viên",/əˈsəʊʃieɪt/,noun,He is a senior associate at the law firm.,Anh ấy là cộng sự cấp cao tại công ty luật.,false
TOEIC Workplace & Finance,assume,"cho rằng, đảm đương",/əˈsjuːm/,verb,I assume you have read the report.,Tôi cho rằng bạn đã đọc báo cáo.,false
TOEIC Workplace & Finance,attach,đính kèm,/əˈtætʃ/,verb,Please attach the receipt to the expense form.,Vui lòng đính kèm biên lai vào mẫu chi phí.,false
TOEIC Workplace & Finance,attend,tham dự,/əˈtend/,verb,All staff must attend the training session.,Tất cả nhân viên phải tham dự buổi đào tạo.,false
TOEIC Workplace & Finance,attract,thu hút,/əˈtrækt/,verb,The new campaign is designed to attract more customers.,Chiến dịch mới được thiết kế để thu hút thêm khách hàng.,false
TOEIC Workplace & Finance,auction,cuộc bán đấu giá,/ˈɔːkʃn/,noun,The painting was sold at auction for $1 million.,Bức tranh đã được bán đấu giá với giá 1 triệu đô la.,false
TOEIC Workplace & Finance,audit,kiểm toán,/ˈɔːdɪt/,noun,The company will face a tax audit this year.,Công ty sẽ đối mặt với một cuộc kiểm toán thuế trong năm nay.,false
TOEIC Workplace & Finance,authorize,"ủy quyền, cho phép",/ˈɔːθəraɪz/,verb,Only the manager can authorize a refund.,Chỉ người quản lý mới có thể ủy quyền hoàn tiền.,false
TOEIC Workplace & Finance,available,"có sẵn, rảnh rỗi",/əˈveɪləbl/,adjective,The manager is not available at the moment.,Người quản lý hiện không có mặt vào lúc này.,false
TOEIC Workplace & Finance,avoid,tránh,/əˈvɔɪd/,verb,We must avoid making the same mistake again.,Chúng ta phải tránh lặp lại sai lầm tương tự một lần nữa.,false
TOEIC Workplace & Finance,background,"nền tảng, bối cảnh",/ˈbækɡraʊnd/,noun,She has a background in marketing.,Cô ấy có nền tảng kiến thức về tiếp thị.,false
TOEIC Workplace & Finance,balance,"số dư (tài khoản), sự cân bằng",/ˈbæləns/,noun,Please check your account balance.,Vui lòng kiểm tra số dư tài khoản của bạn.,false
TOEIC Workplace & Finance,bankrupt,phá sản,/ˈbæŋkrʌpt/,adjective,The company went bankrupt last year.,Công ty đã phá sản vào năm ngoái.,false
TOEIC Workplace & Finance,bargain,"mặc cả, món hời",/ˈbɑːɡən/,noun,This dress was a real bargain.,Chiếc váy này thực sự là một món hời.,false
TOEIC Workplace & Finance,benefit,"lợi ích, phúc lợi",/ˈbenɪfɪt/,noun,The health insurance is a great benefit.,Bảo hiểm y tế là một phúc lợi tuyệt vời.,false
TOEIC Workplace & Finance,bid,"đặt giá, bỏ thầu",/bɪd/,verb,Several companies bid for the contract.,Một số công ty đã tham gia đấu thầu hợp đồng.,false
TOEIC Workplace & Finance,board,ban giám đốc,/bɔːd/,noun,The board of directors meets monthly.,Hội đồng quản trị họp hàng tháng.,false
TOEIC Workplace & Finance,bonus,tiền thưởng,/ˈbəʊnəs/,noun,Staff receive a bonus at the end of the year.,Nhân viên nhận được tiền thưởng vào cuối năm.,false
TOEIC Workplace & Finance,borrow,"vay, mượn",/ˈbɒrəʊ/,verb,I need to borrow some money from the bank.,Tôi cần vay một ít tiền từ ngân hàng.,false
TOEIC Workplace & Finance,branch,chi nhánh,/brɑːntʃ/,noun,Our bank has a branch in every major city.,Ngân hàng của chúng tôi có chi nhánh ở mọi thành phố lớn.,false
TOEIC Workplace & Finance,brand,thương hiệu,/brænd/,noun,We are trying to build brand awareness.,Chúng tôi đang cố gắng xây dựng nhận thức về thương hiệu.,false
TOEIC Workplace & Finance,budget,ngân sách,/ˈbʌdʒɪt/,noun,We need to stay within the marketing budget.,Chúng ta cần chi tiêu trong phạm vi ngân sách tiếp thị.,false
TOEIC Workplace & Finance,calculate,tính toán,/ˈkælkjuleɪt/,verb,We need to calculate the total cost.,Chúng ta cần tính toán tổng chi phí.,false
TOEIC Workplace & Finance,campaign,chiến dịch,/kæmˈpeɪn/,noun,The advertising campaign was very successful.,Chiến dịch quảng cáo đã rất thành công.,false
TOEIC Workplace & Finance,cancel,hủy bỏ,/ˈkænsl/,verb,I need to cancel my reservation.,Tôi cần hủy đặt chỗ của mình.,false
TOEIC Workplace & Finance,candidate,ứng cử viên,/ˈkændɪdət/,noun,We are interviewing a strong candidate today.,Chúng tôi đang phỏng vấn một ứng viên tiềm năng vào hôm nay.,false
TOEIC Workplace & Finance,capacity,"sức chứa, công suất",/kəˈpæsəti/,noun,The factory is operating at full capacity.,Nhà máy đang hoạt động với công suất tối đa.,false
TOEIC Workplace & Finance,capital,vốn,/ˈkæpɪtl/,noun,We need more capital to expand the business.,Chúng tôi cần thêm vốn để mở rộng kinh doanh.,false
TOEIC Workplace & Finance,career,sự nghiệp,/kəˈrɪər/,noun,She is pursuing a career in finance.,Cô ấy đang theo đuổi sự nghiệp trong ngành tài chính.,false
TOEIC Workplace & Finance,category,"hạng mục, thể loại",/ˈkætəɡəri/,noun,The items are divided into three categories.,Các mặt hàng được chia thành ba danh mục.,false
TOEIC Workplace & Finance,cause,"nguyên nhân, gây ra",/kɔːz/,noun,What was the cause of the delay?,Nguyên nhân của sự chậm trễ là gì?,false
TOEIC Workplace & Finance,charge,"phí, tính phí",/tʃɑːdʒ/,noun,There is a $10 delivery charge.,Có một khoản phí giao hàng là 10 đô la.,false
TOEIC Workplace & Finance,client,khách hàng,/ˈklaɪənt/,noun,We have a meeting with a new client.,Chúng tôi có cuộc họp với một khách hàng mới.,false
TOEIC Workplace & Finance,colleague,đồng nghiệp,/ˈkɒliːɡ/,noun,I discussed the idea with my colleagues.,Tôi đã thảo luận ý tưởng này với các đồng nghiệp của mình.,false
TOEIC Workplace & Finance,combine,kết hợp,/kəmˈbaɪn/,verb,We plan to combine the two departments.,Chúng tôi dự định kết hợp hai bộ phận này lại.,false
TOEIC Workplace & Finance,commit,cam kết,/kəˈmɪt/,verb,We are committed to providing excellent service.,Chúng tôi cam kết cung cấp dịch vụ xuất sắc.,false
TOEIC Workplace & Finance,committee,ủy ban,/kəˈmɪti/,noun,The committee will review the proposal.,Ủy ban sẽ xem xét lại bản đề xuất.,false
TOEIC Workplace & Finance,communicate,giao tiếp,/kəˈmjuːnɪkeɪt/,verb,We need to communicate more effectively.,Chúng ta cần giao tiếp hiệu quả hơn.,false
TOEIC Workplace & Finance,compare,so sánh,/kəmˈpeər/,verb,Let's compare the prices of different suppliers.,Hãy cùng so sánh giá của các nhà cung cấp khác nhau.,false
TOEIC Workplace & Finance,compete,cạnh tranh,/kəmˈpiːt/,verb,It's hard to compete with large corporations.,Thật khó để cạnh tranh với các tập đoàn lớn.,false
TOEIC Workplace & Finance,complain,phàn nàn,/kəmˈpleɪn/,verb,Several customers have complained about the service.,Một số khách hàng đã phàn nàn về dịch vụ.,false
TOEIC Workplace & Finance,complete,hoàn thành,/kəmˈpliːt/,verb,Please complete the application form.,Vui lòng hoàn thành đơn đăng ký.,false
TOEIC Workplace & Finance,comply,tuân thủ,/kəmˈplaɪ/,verb,All companies must comply with the new regulations.,Tất cả các công ty phải tuân thủ các quy định mới.,false
TOEIC Workplace & Finance,component,thành phần,/kəmˈpəʊnənt/,noun,This is a key component of our strategy.,Đây là một thành phần then chốt trong chiến lược của chúng tôi.,false
TOEIC Workplace & Finance,compromise,thỏa hiệp,/ˈkɒmprəmaɪz/,noun,We finally reached a compromise.,Cuối cùng chúng tôi đã đạt được sự thỏa hiệp.,false
TOEIC Workplace & Finance,concentrate,tập trung,/ˈkɒnsntreɪt/,verb,I can't concentrate with all this noise.,Tôi không thể tập trung với tất cả tiếng ồn này.,false
TOEIC Workplace & Finance,concept,khái niệm,/ˈkɒnsept/,noun,"It's an interesting concept, but hard to implement.","Đó là một khái niệm thú vị, nhưng khó triển khai.",false
TOEIC Workplace & Finance,condition,"điều kiện, tình trạng",/kənˈdɪʃn/,noun,The equipment is in good condition.,Thiết bị đang ở trong tình trạng tốt.,false
TOEIC Workplace & Finance,conduct,tiến hành,/kənˈdʌkt/,verb,We will conduct a survey to gather feedback.,Chúng tôi sẽ tiến hành một cuộc khảo sát để thu thập ý kiến đóng góp.,false
TOEIC Workplace & Finance,conference,hội nghị,/ˈkɒnfərəns/,noun,I'm attending a conference in London next week.,Tôi sẽ tham dự một hội nghị ở Luân Đôn vào tuần tới.,false
TOEIC Workplace & Finance,confident,tự tin,/ˈkɒnfɪdənt/,adjective,I am confident that we will meet our goals.,Tôi tự tin rằng chúng ta sẽ đạt được mục tiêu của mình.,false
TOEIC Workplace & Finance,confirm,xác nhận,/kənˈfɜːm/,verb,Please confirm your attendance by Friday.,Vui lòng xác nhận sự tham dự của bạn trước thứ Sáu.,false
TOEIC Workplace & Finance,conflict,xung đột,/ˈkɒnflɪkt/,noun,There is a conflict in my schedule.,Có một sự trùng lặp (xung đột) trong lịch trình của tôi.,false
TOEIC Workplace & Finance,connect,kết nối,/kəˈnekt/,verb,Please connect your laptop to the projector.,Vui lòng kết nối máy tính xách tay của bạn với máy chiếu.,false
TOEIC Workplace & Finance,consider,cân nhắc,/kənˈsɪdə(r)/,verb,We are considering expanding into Asia.,Chúng tôi đang cân nhắc việc mở rộng sang châu Á.,false
TOEIC Workplace & Finance,consult,tham khảo ý kiến,/kənˈsʌlt/,verb,I need to consult with my lawyer first.,Tôi cần tham khảo ý kiến luật sư của mình trước.,false
TOEIC Workplace & Finance,consume,tiêu thụ,/kənˈsjuːm/,verb,The new appliances consume less electricity.,Các thiết bị mới tiêu thụ ít điện năng hơn.,false
TOEIC Workplace & Finance,contact,liên hệ,/ˈkɒntækt/,verb,Please contact me if you have any questions.,Vui lòng liên hệ với tôi nếu bạn có bất kỳ câu hỏi nào.,false
TOEIC Workplace & Finance,contain,chứa đựng,/kənˈteɪn/,verb,The report contains a lot of statistical data.,Báo cáo chứa đựng rất nhiều dữ liệu thống kê.,false
TOEIC Workplace & Finance,contract,hợp đồng,/ˈkɒntrækt/,noun,We signed a three-year contract.,Chúng tôi đã ký một hợp đồng ba năm.,false
TOEIC Workplace & Finance,contribute,đóng góp,/kənˈtrɪbjuːt/,verb,Everyone is expected to contribute to the discussion.,Mọi người đều được mong đợi sẽ đóng góp vào cuộc thảo luận.,false
TOEIC Workplace & Finance,control,kiểm soát,/kənˈtrəʊl/,noun,We need better quality control in the factory.,Chúng ta cần kiểm soát chất lượng tốt hơn trong nhà máy.,false
TOEIC Workplace & Finance,convince,thuyết phục,/kənˈvɪns/,verb,He managed to convince the board of his plan.,Anh ấy đã thành công trong việc thuyết phục hội đồng về kế hoạch của mình.,false
TOEIC Workplace & Finance,coordinate,điều phối,/kəʊˈɔːdɪneɪt/,verb,She coordinates the efforts of the whole team.,Cô ấy điều phối những nỗ lực của toàn bộ đội ngũ.,false
TOEIC Workplace & Finance,corporate,"thuộc về đoàn thể, công ty",/ˈkɔːpərət/,adjective,She works in corporate finance.,Cô ấy làm việc trong lĩnh vực tài chính doanh nghiệp.,false
TOEIC Workplace & Finance,cost,chi phí,/kɒst/,noun,The overall cost is higher than expected.,Tổng chi phí cao hơn dự kiến.,false
TOEIC Workplace & Finance,customer,khách hàng,/ˈkʌstəmər/,noun,Customer satisfaction is our top priority.,Sự hài lòng của khách hàng là ưu tiên hàng đầu của chúng tôi.,false
